episode,step,epsilon,episode_loss,max_episode_reward,episode_moving_average_30
1,999,0.9990259750000413,2082.141845703125,-27.430520082673542,-0.9143506694224514
2,1998,0.9980519500000826,2038.9766845703125,-26.867652929664423,-1.8099391004112657
3,2997,0.9970779250001239,1935.1500244140625,-26.276262236260685,-2.685814508286622
4,3996,0.9961039000001652,1991.7684326171875,-26.276262236260685,-3.567380093914835
5,4995,0.9951298750002066,1939.495849609375,-26.230643300211014,-4.441734870588535
6,5994,0.9941558500002479,1863.2052001953125,-25.562845563659373,-5.293829722710514
7,6993,0.9931818250002892,1866.4271240234375,-25.562845563659373,-6.157457548867795
8,7992,0.9922078000003305,2014.181640625,-25.562845563659373,-7.0617112702206235
9,8991,0.9912337750003718,1873.8446044921875,-25.562845563659373,-7.92774454042829
10,9990,0.9902597500004131,1789.35498046875,-25.310916369215757,-8.771441752735482
11,10989,0.9892857250004544,1981.49853515625,-25.310916369215757,-9.670902322144455
12,11988,0.9883117000004957,1739.9061279296875,-24.898771339562245,-10.50086136679653
13,12987,0.987337675000537,1706.1533203125,-24.314810077125316,-11.311355036034039
14,13986,0.9863636500005784,1815.118896484375,-24.314810077125316,-12.154579457856608
15,14985,0.9853896250006197,1770.5081787109375,-24.314810077125316,-12.98867280146649
16,15984,0.984415600000661,1772.7430419921875,-24.314810077125316,-13.81558622887298
17,16983,0.9834415750007023,1967.8021240234375,-24.314810077125316,-14.72637726059261
18,17982,0.9824675500007436,1679.670654296875,-24.314810077125316,-15.54745595497906
19,18981,0.9814935250007849,1505.7388916015625,-22.485095651201853,-16.296959143352456
20,19980,0.9805195000008262,1502.84228515625,-22.482210349061265,-17.046366154987833
21,20979,0.9795454750008675,1608.52685546875,-22.482210349061265,-17.845638261364208
22,21978,0.9785714500009088,1571.480712890625,-22.482210349061265,-18.628608664736113
23,22977,0.9775974250009501,1459.82373046875,-22.32995002953769,-19.37294033238737
24,23976,0.9766234000009915,1545.028564453125,-22.32995002953769,-20.149672296965775
25,24975,0.9756493750010328,1520.50048828125,-22.32995002953769,-20.920324519387293
26,25974,0.9746753500010741,1486.7459716796875,-22.32995002953769,-21.686173166598838
27,26973,0.9737013250011154,1482.3065185546875,-22.32995002953769,-22.450682412931975
28,27972,0.9727273000011567,1467.5865478515625,-22.32995002953769,-23.208950127571843
29,28971,0.971753275001198,1429.6510009765625,-22.140400893323584,-23.946963490682627
30,29970,0.9707792500012393,1433.7701416015625,-22.140400893323584,-24.691531230054633
31,30969,0.9698052250012806,1305.392822265625,-21.05032970803175,-24.47885821756658
32,31968,0.968831200001322,1093.222900390625,-18.814477827220045,-24.210419047485097
33,32967,0.9678571750013633,1273.677490234375,-18.814477827220045,-24.02025163463471
34,33966,0.9668831500014046,1290.1845703125,-18.814477827220045,-23.839224666572434
35,34965,0.9659091250014459,1216.545166015625,-18.814477827220045,-23.638983561871093
36,35964,0.9649351000014872,1243.64794921875,-18.814477827220045,-23.473997972379138
37,36963,0.9639610750015285,1224.8486328125,-18.814477827220045,-23.28928718819653
38,37962,0.9629870500015698,1129.3721923828125,-18.814477827220045,-23.0328008774992
39,38961,0.9620130250016111,1084.3948974609375,-18.814477827220045,-22.801411015215773
40,39960,0.9610390000016524,1168.9971923828125,-18.814477827220045,-22.62331563129221
41,40959,0.9600649750016937,1221.009033203125,-18.814477827220045,-22.409077659235713
42,41958,0.959090950001735,1088.3536376953125,-18.814477827220045,-22.20950310781635
43,42957,0.9581169250017764,1088.71142578125,-18.814477827220045,-22.041287838503912
44,43956,0.9571429000018177,1092.9871826171875,-18.814477827220045,-21.836429381717682
45,44955,0.956168875001859,1123.9920654296875,-18.814477827220045,-21.654292059811418
46,45954,0.9551948500019003,1078.4512939453125,-18.814477827220045,-21.46194770333765
47,46953,0.9542208250019416,1161.80517578125,-18.814477827220045,-21.215956187529876
48,47952,0.9532468000019829,950.2332763671875,-17.719723670027122,-20.985534948810997
49,48951,0.9522727750020242,922.867919921875,-17.264619698646932,-20.811519083725834
50,49950,0.9512987500020655,1017.5697631835938,-17.264619698646932,-20.683155062968304
51,50949,0.9503247250021069,1027.767578125,-17.264619698646932,-20.508776480909578
52,51948,0.9493507000021482,883.8446655273438,-16.849861787186843,-20.287468137110565
53,52947,0.9483766750021895,1022.1968383789062,-16.849861787186843,-20.166355378514933
54,53946,0.9474026500022308,884.4390869140625,-16.849861787186843,-19.959832795899565
55,54945,0.9464286250022721,937.287353515625,-16.849861787186843,-19.782129098131268
56,55944,0.9454546000023134,997.0088500976562,-16.849861787186843,-19.631920829934465
57,56943,0.9444805750023547,930.2296752929688,-16.849861787186843,-19.462034495836804
58,57942,0.943506550002396,861.125732421875,-16.849861787186843,-19.275038965913048
59,58941,0.9425325250024373,875.2074584960938,-16.849861787186843,-19.10725269369836
60,59940,0.9415585000024786,959.1608276367188,-16.849861787186843,-18.968364410451784
61,60939,0.94058447500252,897.005859375,-16.849861787186843,-18.84828514845436
62,61938,0.9396104500025613,876.876220703125,-16.849861787186843,-18.799786515531032
63,62937,0.9386364250026026,824.8547973632812,-16.73337104184574,-18.671857555234247
64,63936,0.9376624000026439,821.2252807617188,-16.650742490586893,-18.526343687354547
65,64935,0.9366883750026852,785.3472900390625,-16.19297164938726,-18.39199573702843
66,65934,0.9357143500027265,745.6332397460938,-15.751378273812916,-18.229932416858833
67,66933,0.9347403250027678,692.4476928710938,-14.806958595748098,-18.044580661409103
68,67932,0.9337663000028091,741.405517578125,-14.806958595748098,-17.920120032316767
69,68931,0.9327922750028504,721.3062744140625,-14.806958595748098,-17.803150596812596
70,69930,0.9318182500028918,793.2798461914062,-14.806958595748098,-17.688101894455816
71,70929,0.9308442250029331,734.9902954101562,-14.806958595748098,-17.52898554921203
72,71928,0.9298702000029744,684.0513305664062,-14.806958595748098,-17.40213341738472
73,72927,0.9288961750030157,682.4061279296875,-14.806958595748098,-17.2612737300285
74,73926,0.927922150003057,684.7128295898438,-14.806958595748098,-17.130706815628802
75,74925,0.9269481250030983,731.39404296875,-14.806958595748098,-17.00755654805419
76,75924,0.9259741000031396,638.542236328125,-14.676517739704646,-16.862204735111625
77,76923,0.9250000750031809,650.7232666015625,-14.676517739704646,-16.68971224259602
78,77922,0.9240260500032222,726.997802734375,-14.676517739704646,-16.625989340071985
79,78921,0.9230520250032636,628.4942626953125,-14.481426016330879,-16.533216217328114
80,79920,0.9220780000033049,678.0740966796875,-14.481426016330879,-16.417348438290624
81,80919,0.9211039750033462,647.1715087890625,-14.481426016330879,-16.28424985718417
82,81918,0.9201299500033875,570.8143920898438,-13.953357835757958,-16.187699725469876
83,82917,0.9191559250034288,634.7386474609375,-13.953357835757958,-16.053711045245723
84,83916,0.9181819000034701,603.1773681640625,-13.953357835757958,-15.958134977268879
85,84915,0.9172078750035114,533.6682739257812,-13.411442853980525,-15.812234547748346
86,85914,0.9162338500035527,585.1526489257812,-13.411442853980525,-15.663701577456232
87,86913,0.915259825003594,595.8760375976562,-13.411442853980525,-15.54686700092718
88,87912,0.9142858000036354,576.99169921875,-13.411442853980525,-15.443573757740252
89,88911,0.9133117750036767,577.8780517578125,-13.411442853980525,-15.344780537670708
90,89910,0.912337750003718,535.5535278320312,-13.411442853980525,-15.190689546087652
91,90909,0.9113637250037593,587.6309814453125,-13.411442853980525,-15.083737309200565
92,91908,0.9103897000038006,526.7721557617188,-13.411442853980525,-14.953046066736182
93,92907,0.9094156750038419,551.9221801757812,-13.411442853980525,-14.853940283756717
94,93906,0.9084416500038832,488.67742919921875,-12.92811085483261,-14.72985256256491
95,94905,0.9074676250039245,450.3360595703125,-12.352825788632488,-14.601847700539748
96,95904,0.9064936000039658,504.64398193359375,-12.352825788632488,-14.513712804830739
97,96903,0.9055195750040071,444.6039123535156,-12.28736486088225,-14.429726347001877
98,97902,0.9045455500040485,461.57611083984375,-12.28736486088225,-14.32811923116722
99,98901,0.9035715250040898,443.11639404296875,-12.28736486088225,-14.222734634628667
100,99900,0.9025975000041311,473.4073486328125,-12.28736486088225,-14.097561133444946
101,100899,0.9016234750041724,369.84857177734375,-11.356401870562454,-13.950001610355004
102,101898,0.9006494500042137,435.71441650390625,-11.356401870562454,-13.85630581397
103,102897,0.899675425004255,478.93804931640625,-11.356401870562454,-13.785248968007958
104,103896,0.8987014000042963,401.03466796875,-11.356401870562454,-13.674085999337137
105,104895,0.8977273750043376,410.1106872558594,-11.356401870562454,-13.547547692698933
106,105894,0.896753350004379,403.9754943847656,-11.356401870562454,-13.451637559809482
107,106893,0.8957793250044203,407.8839111328125,-11.356401870562454,-13.359941691443929
108,107892,0.8948053000044616,430.265380859375,-11.356401870562454,-13.242765349795917
109,108891,0.8938312750045029,355.5867614746094,-11.268791964133198,-13.135677548055993
110,109890,0.8928572500045442,411.3724365234375,-11.268791964133198,-13.034192559219703
111,110889,0.8918832250045855,405.9399108886719,-11.268791964133198,-12.940523625170139
112,111888,0.8909092000046268,379.1348876953125,-11.268791964133198,-12.862599739241636
113,112887,0.8899351750046681,356.3804626464844,-11.268791964133198,-12.749181051044014
114,113886,0.8889611500047094,376.6156311035156,-11.268791964133198,-12.65933584622434
115,114885,0.8879871250047507,360.2621154785156,-11.268791964133198,-12.590956350438654
116,115884,0.887013100004792,303.6611328125,-10.503846205234906,-12.47397714855719
117,116883,0.8860390750048334,370.87420654296875,-10.503846205234906,-12.381154716015661
118,117882,0.8850650500048747,335.0301513671875,-10.503846205234906,-12.280013617664642
119,118881,0.884091025004916,322.764892578125,-10.503846205234906,-12.172481025226936
120,119880,0.8831170000049573,376.3072814941406,-10.503846205234906,-12.108327761447173
121,120879,0.8821429750049986,364.0286560058594,-10.503846205234906,-12.016037264224671
122,121878,0.8811689500050399,375.8663635253906,-10.503846205234906,-11.954819745710079
123,122877,0.8801949250050812,337.49658203125,-10.503846205234906,-11.868299103207383
124,123876,0.8792209000051225,342.12103271484375,-10.503846205234906,-11.809791696777376
125,124875,0.8782468750051639,296.4905700683594,-10.47949082216561,-11.747347197895147
126,125874,0.8772728500052052,306.0986328125,-10.47949082216561,-11.666761554090963
127,126873,0.8762988250052465,352.2622375488281,-10.47949082216561,-11.63764192600697
128,127872,0.8753248000052878,330.85247802734375,-10.47949082216561,-11.583029692603235
129,128871,0.8743507750053291,262.7243347167969,-10.026280064183533,-11.504949652194504
130,129870,0.8733767500053704,310.58123779296875,-10.026280064183533,-11.44231248048743
131,130869,0.8724027250054117,266.0345764160156,-10.026280064183533,-11.402131292494913
132,131868,0.871428700005453,276.904541015625,-10.026280064183533,-11.332433506667185
133,132867,0.8704546750054943,264.671630859375,-10.026280064183533,-11.238670229077876
134,133866,0.8694806500055356,236.640869140625,-9.74054552755265,-11.166718998030472
135,134865,0.868506625005577,279.6145324707031,-9.74054552755265,-11.10937774968214
136,135864,0.8675326000056183,284.8192443847656,-9.74054552755265,-11.06530597618651
137,136863,0.8665585750056596,228.60205078125,-9.56719397789332,-10.983601287085582
138,137862,0.8655845500057009,284.50177001953125,-9.56719397789332,-10.923614380163876
139,138861,0.8646105250057422,266.1728515625,-9.56719397789332,-10.883855557935942
140,139860,0.8636365000057835,239.7618865966797,-9.56719397789332,-10.809555565447136
141,140859,0.8626624750058248,223.28318786621094,-9.496114625402123,-10.727966710465573
142,141858,0.8616884500058661,228.98304748535156,-9.496114625402123,-10.661522704778085
143,142857,0.8607144250059074,246.8369140625,-9.496114625402123,-10.614409511394886
144,143856,0.8597404000059488,239.80572509765625,-9.496114625402123,-10.556636569998156
145,144855,0.8587663750059901,231.16172790527344,-9.496114625402123,-10.500167557298361
146,145854,0.8577923500060314,204.69369506835938,-9.284168596716636,-10.459511637014419
147,146853,0.8568183250060727,241.157470703125,-9.284168596716636,-10.399173757607464
148,147852,0.855844300006114,213.46585083007812,-9.284168596716636,-10.345632567482166
149,148851,0.8548702750061553,212.85464477539062,-9.284168596716636,-10.296344308112706
150,149850,0.8538962500061966,189.12124633789062,-8.925883354102359,-10.206438552486846
151,150849,0.8529222250062379,225.45896911621094,-8.925883354102359,-10.14555812672063
152,151848,0.8519482000062792,202.27914428710938,-8.925883354102359,-10.069550758379766
153,152847,0.8509741750063206,202.61044311523438,-8.925883354102359,-10.00346596659997
154,153846,0.8500001500063619,153.0411834716797,-8.405737004618382,-9.911227578022837
155,154845,0.8490261250064032,220.6454315185547,-8.405737004618382,-9.88006574640683
156,155844,0.8480521000064445,180.15176391601562,-8.405737004618382,-9.820269321144616
157,156843,0.8470780750064858,194.1240692138672,-8.405737004618382,-9.745376212910209
158,157842,0.8461040500065271,164.36093139648438,-8.405737004618382,-9.66513280195914
159,158841,0.8451300250065684,208.3472900390625,-8.405737004618382,-9.642416392830116
160,159840,0.8441560000066097,188.93008422851562,-8.405737004618382,-9.578936499107245
161,160839,0.843181975006651,159.64251708984375,-8.405737004618382,-9.526424183633484
162,161838,0.8422079500066924,172.3427734375,-8.405737004618382,-9.480594438969844
163,162837,0.8412339250067337,228.70343017578125,-8.405737004618382,-9.466002818197401
164,163836,0.840259900006775,172.6017608642578,-8.405737004618382,-9.433424167366104
165,164835,0.8392858750068163,144.54908752441406,-8.33483681062514,-9.36632586191114
166,165834,0.8383118500068576,188.6954803466797,-8.33483681062514,-9.318907207881749
167,166833,0.8373378250068989,177.55455017089844,-8.33483681062514,-9.298392436905697
168,167832,0.8363638000069402,173.72470092773438,-8.33483681062514,-9.23971029553746
169,168831,0.8353897750069815,136.6001434326172,-8.169413189934646,-9.176156491958775
170,169830,0.8344157500070228,131.42584228515625,-8.09032984678611,-9.11644392300306
171,170829,0.8334417250070641,141.36453247070312,-8.09032984678611,-9.074831838459623
172,171828,0.8324677000071055,139.07781982421875,-8.09032984678611,-9.02996163277286
173,172827,0.8314936750071468,152.3454132080078,-8.09032984678611,-8.983763502783612
174,173826,0.8305196500071881,160.85350036621094,-8.09032984678611,-8.942752455861726
175,174825,0.8295456250072294,133.08352661132812,-8.09032984678611,-8.89403046631053
176,175824,0.8285716000072707,101.88601684570312,-7.627233767370374,-8.838799305332321
177,176823,0.827597575007312,157.1288604736328,-7.627233767370374,-8.801046272650105
178,177822,0.8266235500073533,144.96258544921875,-7.627233767370374,-8.769284320642864
179,178821,0.8256495250073946,167.8905792236328,-7.627233767370374,-8.743164441254773
180,179820,0.824675500007436,135.77828979492188,-7.627233767370374,-8.720729773663656
181,180819,0.8237014750074773,124.74066162109375,-7.627233767370374,-8.668474274868748
182,181818,0.8227274500075186,151.60684204101562,-7.627233767370374,-8.640894204981599
183,182817,0.8217534250075599,103.64108276367188,-7.627233767370374,-8.593481294290653
184,183816,0.8207794000076012,130.3034210205078,-7.627233767370374,-8.584212086938425
185,184815,0.8198053750076425,131.13206481933594,-7.627233767370374,-8.53700685127951
186,185814,0.8188313500076838,94.56045532226562,-7.4858485862388084,-8.490006159802453
187,186813,0.8178573250077251,127.45037841796875,-7.4858485862388084,-8.454572873334039
188,187812,0.8168833000077664,138.74444580078125,-7.4858485862388084,-8.443054527558365
189,188811,0.8159092750078077,102.35045623779297,-7.4858485862388084,-8.385173149908614
190,189810,0.814935250007849,100.08214569091797,-7.4858485862388084,-8.341416424270228
191,190809,0.8139612250078904,96.703125,-7.4858485862388084,-8.30742778279691
192,191808,0.8129872000079317,125.78239440917969,-7.4858485862388084,-8.283541349072497
193,192807,0.812013175007973,91.51742553710938,-7.44149402898809,-8.209584181793705
194,193806,0.8110391500080143,120.15438079833984,-7.44149402898809,-8.1842768917577
195,194805,0.8100651250080556,116.04338073730469,-7.44149402898809,-8.169251632778227
196,195804,0.8090911000080969,121.94343566894531,-7.44149402898809,-8.134753518007887
197,196803,0.8081170750081382,79.289794921875,-7.187237517384015,-8.075936406966958
198,197802,0.8071430500081795,107.07482147216797,-7.187237517384015,-8.044543570250307
199,198801,0.8061690250082209,128.40414428710938,-7.187237517384015,-8.043613735566716
200,199800,0.8051950000082622,68.27671813964844,-6.99008088109845,-8.006938770043794
201,200799,0.8042209750083035,110.08447265625,-6.99008088109845,-7.991787372262303
202,201798,0.8032469500083448,88.08460998535156,-6.99008088109845,-7.966429260788243
203,202797,0.8022729250083861,67.21277618408203,-6.965609938809989,-7.916116041487175
204,203796,0.8012989000084274,72.03996276855469,-6.965609938809989,-7.8694320279590935
205,204795,0.8003248750084687,76.27915954589844,-6.965609938809989,-7.837276436255362
206,205794,0.79935085000851,84.50257873535156,-6.965609938809989,-7.823749789668534
207,206793,0.7983768250085513,101.72753143310547,-6.965609938809989,-7.792404491126842
208,207792,0.7974028000085926,72.88854217529297,-6.965609938809989,-7.748316588070147
209,208791,0.796428775008634,76.00434875488281,-6.965609938809989,-7.700812186406613
210,209790,0.7954547500086753,76.30118560791016,-6.965609938809989,-7.670643514743647
211,210789,0.7944807250087166,101.81761932373047,-6.965609938809989,-7.6574752495422915
212,211788,0.7935067000087579,79.61048126220703,-6.965609938809989,-7.617525941190666
213,212787,0.7925326750087992,73.16886901855469,-6.965609938809989,-7.5998086321210305
214,213786,0.7915586500088405,60.576751708984375,-6.781737559311863,-7.554944524629707
215,214785,0.7905846250088818,83.5779037475586,-6.781737559311863,-7.531773339530881
216,215784,0.7896106000089231,89.5156478881836,-6.781737559311863,-7.53154819680926
217,216783,0.7886365750089644,43.91275405883789,-6.613886132353895,-7.481878261978467
218,217782,0.7876625500090058,50.86720275878906,-6.613886132353895,-7.428644474674054
219,218781,0.7866885250090471,87.1630630493164,-6.613886132353895,-7.4260654985362144
220,219780,0.7857145000090884,71.3271713256836,-6.613886132353895,-7.409222206181566
221,220779,0.7847404750091297,81.29219055175781,-6.613886132353895,-7.400716683919268
222,221778,0.783766450009171,61.7221794128418,-6.613886132353895,-7.362989052620794
223,222777,0.7827924250092123,53.0672607421875,-6.613886132353895,-7.3409663608010804
224,223776,0.7818184000092536,70.73856353759766,-6.613886132353895,-7.3138677622791555
225,224775,0.7808443750092949,79.62393188476562,-6.613886132353895,-7.296415404291625
226,225774,0.7798703500093362,84.64771270751953,-6.613886132353895,-7.276993661920367
227,226773,0.7788963250093776,58.186649322509766,-6.613886132353895,-7.269333914386719
228,227772,0.7779223000094189,47.32261276245117,-6.613886132353895,-7.233639346894942
229,228771,0.7769482750094602,31.452350616455078,-6.331757204089239,-7.173313982050353
230,229770,0.7759742500095015,88.51071166992188,-6.331757204089239,-7.190995813657451
231,230769,0.7750002250095428,25.484046936035156,-6.264576334764984,-7.140041352961142
232,231768,0.7740262000095841,44.122894287109375,-6.264576334764984,-7.111886734832477
233,232767,0.7730521750096254,32.54023742675781,-6.264576334764984,-7.09193673830042
234,233766,0.7720781500096667,58.3533821105957,-6.264576334764984,-7.084313842923786
235,234765,0.771104125009708,43.165855407714844,-6.264576334764984,-7.063076775285652
236,235764,0.7701301000097494,37.663814544677734,-6.264576334764984,-7.0382077336116655
237,236763,0.7691560750097907,54.979827880859375,-6.264576334764984,-7.011399843790638
238,237762,0.768182050009832,40.657718658447266,-6.264576334764984,-6.992982774408542
239,238761,0.7672080250098733,65.63235473632812,-6.264576334764984,-6.984929839483615
240,239760,0.7662340000099146,44.27570724487305,-6.264576334764984,-6.959789194837045
241,240759,0.7652599750099559,19.668418884277344,-6.094175199634889,-6.906876897093309
242,241758,0.7642859500099972,41.10734176635742,-6.094175199634889,-6.885463990072348
243,242757,0.7633119250100385,28.19068717956543,-6.094175199634889,-6.853463008808544
244,243756,0.7623379000100798,22.153568267822266,-6.094175199634889,-6.832492504574387
245,244755,0.7613638750101211,26.993247985839844,-6.094175199634889,-6.7960821417791175
246,245754,0.7603898500101625,58.37239456176758,-6.094175199634889,-6.778278567055046
247,246753,0.7594158250102038,54.91899871826172,-6.094175199634889,-6.782156151870328
248,247752,0.7584418000102451,16.109811782836914,-6.094175199634889,-6.7643990161906835
249,248751,0.7574677750102864,33.717350006103516,-6.094175199634889,-6.726277675794432
250,249750,0.7564937500103277,48.26322555541992,-6.094175199634889,-6.7081826759133225
251,250749,0.755519725010369,29.469209671020508,-6.094175199634889,-6.673326678539045
252,251748,0.7545457000104103,28.998130798339844,-6.094175199634889,-6.6522506157706465
253,252747,0.7535716750104516,19.022321701049805,-6.094175199634889,-6.632456656791454
254,253746,0.752597650010493,44.62301254272461,-6.094175199634889,-6.617903068131662
255,254745,0.7516236250105343,20.354244232177734,-6.052589353894366,-6.574305769874305
256,255744,0.7506496000105756,13.497376441955566,-6.031231310271815,-6.527449973115946
257,256743,0.7496755750106169,16.7327880859375,-6.031231310271815,-6.499458900210512
258,257742,0.7487015500106582,33.25847625732422,-6.031231310271815,-6.491234563439161
259,258741,0.7477275250106995,7.234560012817383,-5.855825043560662,-6.475370158088207
260,259740,0.7467535000107408,11.102153778076172,-5.855825043560662,-6.423955380622441
261,260739,0.7457794750107821,10.977151870727539,-5.855825043560662,-6.4120087288606
262,261738,0.7448054500108234,3.1254634857177734,-5.745539300948241,-6.381165604605755
263,262737,0.7438314250108647,20.98853302001953,-5.745539300948241,-6.3739835560852605
264,263736,0.742857400010906,8.360877990722656,-5.745539300948241,-6.337480515791315
265,264735,0.7418833750109474,-1.6388792991638184,-5.6864870676576125,-6.306945146959101
266,265734,0.7409093500109887,5.689756393432617,-5.6864870676576125,-6.286131683999282
267,266733,0.73993532501103,7.6310882568359375,-5.6864870676576125,-6.254853983601488
268,267732,0.7389613000110713,7.938762187957764,-5.6864870676576125,-6.234531498100681
269,268731,0.7379872750111126,13.109861373901367,-5.6864870676576125,-6.200237916356965
270,269730,0.7370132500111539,40.261592864990234,-5.6864870676576125,-6.20114211101332
271,270729,0.7360392250111952,4.894470691680908,-5.6864870676576125,-6.191290254994129
272,271728,0.7350652000112365,17.70498275756836,-5.6864870676576125,-6.172384879676756
273,272727,0.7340911750112779,-1.8473613262176514,-5.680040907887584,-6.152782960164492
274,273726,0.7331171500113192,22.038663864135742,-5.680040907887584,-6.155697715317549
275,274725,0.7321431250113605,-0.9651732444763184,-5.680040907887584,-6.135477465136042
276,275724,0.7311691000114018,13.864778518676758,-5.680040907887584,-6.106777192396366
277,276723,0.7301950750114431,7.363736152648926,-5.680040907887584,-6.079150069340599
278,277722,0.7292210500114844,7.3060784339904785,-5.680040907887584,-6.072707890752627
279,278721,0.7282470250115257,1.427478313446045,-5.6536828317890935,-6.04825275298568
280,279720,0.727273000011567,12.770283699035645,-5.6536828317890935,-6.029828331409499
281,280719,0.7262989750116083,-3.8967185020446777,-5.622065274584581,-6.008727442786408
282,281718,0.7253249500116496,3.3801188468933105,-5.622065274584581,-5.989615240921247
283,282717,0.724350925011691,12.623641014099121,-5.622065274584581,-5.984706783941291
284,283716,0.7233769000117323,12.023688316345215,-5.622065274584581,-5.959498810081182
285,284715,0.7224028750117736,-0.7845611572265625,-5.622065274584581,-5.94927438722911
286,285714,0.7214288500118149,-5.061164855957031,-5.622065274584581,-5.938106624416178
287,286713,0.7204548250118562,-18.661821365356445,-5.319186340950785,-5.911489072307485
288,287712,0.7194808000118975,-9.330362319946289,-5.319186340950785,-5.881672930600632
289,288711,0.7185067750119388,-19.38618278503418,-5.306088712954935,-5.863348386247107
290,289710,0.7175327500119801,5.584357261657715,-5.306088712954935,-5.858471494580883
291,290709,0.7165587250120214,-8.800335884094238,-5.306088712954935,-5.845449999814661
292,291708,0.7155847000120628,6.489461898803711,-5.306088712954935,-5.852085382635093
293,292707,0.7146106750121041,-1.2583380937576294,-5.306088712954935,-5.835632606207453
294,293706,0.7136366500121454,-9.682765007019043,-5.306088712954935,-5.822383932128939
295,294705,0.7126626250121867,-0.6475552320480347,-5.306088712954935,-5.822082536889277
296,295704,0.711688600012228,4.6806769371032715,-5.306088712954935,-5.8254918609117725
297,296703,0.7107145750122693,-20.612224578857422,-5.306088712954935,-5.807645561444062
298,297702,0.7097405500123106,-2.4073779582977295,-5.306088712954935,-5.796424995575804
299,298701,0.7087665250123519,-18.469249725341797,-5.248256757655642,-5.772724666198532
300,299700,0.7077925000123932,-19.074907302856445,-5.248256757655642,-5.729075866104263
301,300699,0.7068184750124346,-10.065404891967773,-5.248256757655642,-5.719729189462483
302,301698,0.7058444500124759,8.682384490966797,-5.248256757655642,-5.717007761579658
303,302697,0.7048704250125172,-5.1246843338012695,-5.248256757655642,-5.714167484020061
304,303696,0.7038964000125585,-16.790000915527344,-5.248256757655642,-5.681903004897929
305,304695,0.7029223750125998,-23.787513732910156,-5.1201203798462895,-5.661426188837809
306,305694,0.7019483500126411,-14.374808311462402,-5.1201203798462895,-5.6419844696271
307,306693,0.7009743250126824,-9.236469268798828,-5.1201203798462895,-5.632797420858636
308,307692,0.7000003000127237,-16.218833923339844,-5.1201203798462895,-5.617153686174521
309,308691,0.699026275012765,-16.497648239135742,-5.1201203798462895,-5.609632064480398
310,309690,0.6980522500128064,-22.833803176879883,-5.1201203798462895,-5.581409485355864
311,310689,0.6970782250128477,-3.407881021499634,-5.1201203798462895,-5.583712319881716
312,311688,0.696104200012889,-21.755149841308594,-5.1201203798462895,-5.566475908224797
313,312687,0.6951301750129303,-21.748157501220703,-5.1201203798462895,-5.541327989367148
314,313686,0.6941561500129716,-23.271045684814453,-5.1201203798462895,-5.5201588721251
315,314685,0.6931821250130129,-22.430316925048828,-5.1201203798462895,-5.504402157750348
316,315684,0.6922081000130542,-18.606321334838867,-5.102847304982925,-5.484623787053649
317,316683,0.6912340750130955,-21.74858856201172,-5.102847304982925,-5.483573808056469
318,317682,0.6902600500131368,-31.14004135131836,-5.102847304982925,-5.469267178043996
319,318681,0.6892860250131781,-18.427717208862305,-5.102847304982925,-5.471187055784628
320,319680,0.6883120000132195,-13.893505096435547,-5.102847304982925,-5.4576584391996885
321,320679,0.6873379750132608,-19.876420974731445,-5.102847304982925,-5.447715121573032
322,321678,0.6863639500133021,-28.972379684448242,-5.097870073389124,-5.419490764500628
323,322677,0.6853899250133434,-33.95014190673828,-4.845099063320802,-5.39239189013118
324,323676,0.6844159000133847,-32.523895263671875,-4.845099063320802,-5.38134924928656
325,324675,0.683441875013426,-32.48295593261719,-4.845099063320802,-5.3630385914290395
326,325674,0.6824678500134673,-24.062894821166992,-4.845099063320802,-5.339447066357883
327,326673,0.6814938250135086,-34.35100555419922,-4.845099063320802,-5.331177677219219
328,327672,0.68051980001355,-17.99518394470215,-4.845099063320802,-5.322527474774461
329,328671,0.6795457750135913,-14.178030014038086,-4.845099063320802,-5.328246228386232
330,329670,0.6785717500136326,-38.35200500488281,-4.838634379287713,-5.312493185230978
331,330669,0.6775977250136739,-18.17972755432129,-4.838634379287713,-5.310030717175775
332,331668,0.6766237000137152,-37.284175872802734,-4.838634379287713,-5.274255384565686
333,332667,0.6756496750137565,-36.58017349243164,-4.838634379287713,-5.254478835087375
334,333666,0.6746756500137978,-30.023408889770508,-4.838634379287713,-5.244687501008229
335,334665,0.6737016250138391,-34.56388473510742,-4.838634379287713,-5.244205152578588
336,335664,0.6727276000138804,-28.147262573242188,-4.838634379287713,-5.230538103093661
337,336663,0.6717535750139217,-37.641517639160156,-4.8265646295985265,-5.203897306677431
338,337662,0.670779550013963,-36.30732727050781,-4.8265646295985265,-5.185267817259417
339,338661,0.6698055250140044,-26.291799545288086,-4.8265646295985265,-5.17838415800354
340,339660,0.6688315000140457,-42.87126922607422,-4.745659505508559,-5.162652267348827
341,340659,0.667857475014087,-39.43352508544922,-4.745659505508559,-5.136058461232559
342,341658,0.6668834500141283,-28.203596115112305,-4.745659505508559,-5.130150927825676
343,342657,0.6659094250141696,-27.123821258544922,-4.745659505508559,-5.1237447455914955
344,343656,0.6649354000142109,-30.55000114440918,-4.745659505508559,-5.107954859681425
345,344655,0.6639613750142522,-41.00446319580078,-4.745659505508559,-5.09244307542891
346,345654,0.6629873500142935,-30.96323013305664,-4.745659505508559,-5.089470035312902
347,346653,0.6620133250143349,-28.60509490966797,-4.745659505508559,-5.084597758363864
348,347652,0.6610393000143762,-42.716529846191406,-4.688105646604628,-5.069213296077546
349,348651,0.6600652750144175,-32.29336929321289,-4.688105646604628,-5.055898864672492
350,349650,0.6590912500144588,-44.46781921386719,-4.688105646604628,-5.032516811803969
351,350649,0.6581172250145001,-46.52213668823242,-4.542255279938001,-5.010017574131123
352,351648,0.6571432000145414,-42.27088165283203,-4.542255279938001,-4.996295434345188
353,352647,0.6561691750145827,-41.439476013183594,-4.542255279938001,-4.991308759054209
354,353646,0.655195150014624,-46.142333984375,-4.542255279938001,-4.973349619935359
355,354645,0.6542211250146653,-35.13312530517578,-4.542255279938001,-4.970137247189399
356,355644,0.6532471000147066,-37.660972595214844,-4.542255279938001,-4.9576840737427
357,356643,0.652273075014748,-27.92926597595215,-4.542255279938001,-4.953832247799696
358,357642,0.6512990500147893,-32.66712188720703,-4.542255279938001,-4.94311917094059
359,358641,0.6503250250148306,-56.34369659423828,-4.209319659351152,-4.902769180718669
360,359640,0.6493510000148719,-37.77203369140625,-4.209319659351152,-4.904295550244169
361,360639,0.6483769750149132,-45.241817474365234,-4.209319659351152,-4.875832282326626
362,361638,0.6474029500149545,-36.94352722167969,-4.209319659351152,-4.874319783170758
363,362637,0.6464289250149958,-46.089656829833984,-4.209319659351152,-4.862574764754587
364,363636,0.6454549000150371,-53.1156005859375,-4.209319659351152,-4.841707430722189
365,364635,0.6444808750150784,-47.58246612548828,-4.209319659351152,-4.821668277995796
366,365634,0.6435068500151198,-48.222286224365234,-4.209319659351152,-4.801146943250814
367,366633,0.6425328250151611,-37.030120849609375,-4.209319659351152,-4.802045653094747
368,367632,0.6415588000152024,-49.035831451416016,-4.209319659351152,-4.790588663125665
369,368631,0.6405847750152437,-42.057647705078125,-4.209319659351152,-4.772373086052223
370,369630,0.639610750015285,-51.66127395629883,-4.209319659351152,-4.764198289034743
371,370629,0.6386367250153263,-43.43318176269531,-4.209319659351152,-4.756317834196889
372,371628,0.6376627000153676,-49.84623718261719,-4.209319659351152,-4.737214780770785
373,372627,0.6366886750154089,-43.432037353515625,-4.209319659351152,-4.724881007032623
374,373626,0.6357146500154502,-55.37786865234375,-4.209319659351152,-4.704093459348475
375,374625,0.6347406250154916,-42.37407684326172,-4.209319659351152,-4.698651555329534
376,375624,0.6337666000155329,-54.02970886230469,-4.209319659351152,-4.676487333649743
377,376623,0.6327925750155742,-43.337249755859375,-4.209319659351152,-4.661382780332247
378,377622,0.6318185500156155,-48.028560638427734,-4.209319659351152,-4.6564330829283485
379,378621,0.6308445250156568,-41.18157958984375,-4.209319659351152,-4.65168763556901
380,379620,0.6298705000156981,-52.72340774536133,-4.209319659351152,-4.646793083703674
381,380619,0.6288964750157394,-37.49861145019531,-4.209319659351152,-4.6573681515184076
382,381618,0.6279224500157807,-47.782344818115234,-4.209319659351152,-4.656039732683873
383,382617,0.626948425015822,-48.41144561767578,-4.209319659351152,-4.652367533392109
384,383616,0.6259744000158634,-54.23871994018555,-4.209319659351152,-4.648792702399452
385,384615,0.6250003750159047,-49.255226135253906,-4.209319659351152,-4.63422418478505
386,385614,0.624026350015946,-52.24837112426758,-4.209319659351152,-4.6220066329731
387,386613,0.6230523250159873,-39.206180572509766,-4.209319659351152,-4.614474159792393
388,387612,0.6220783000160286,-58.645294189453125,-4.209319659351152,-4.587644135263199
389,388611,0.6211042750160699,-54.96533966064453,-4.209319659351152,-4.591954629692965
390,389610,0.6201302500161112,-54.94409942626953,-4.209319659351152,-4.5709813975202875
391,390609,0.6191562250161525,-48.24177932739258,-4.209319659351152,-4.567400257551776
392,391608,0.6181822000161938,-50.076316833496094,-4.209319659351152,-4.555579074773407
393,392607,0.6172081750162351,-50.958335876464844,-4.209319659351152,-4.550655353268701
394,393606,0.6162341500162765,-58.748191833496094,-4.138565139359019,-4.543528502251716
395,394605,0.6152601250163178,-52.29248046875,-4.138565139359019,-4.541595434126861
396,395604,0.6142861000163591,-54.31723403930664,-4.138565139359019,-4.536494846553157
397,396603,0.6133120750164004,-49.179866790771484,-4.138565139359019,-4.521987847481502
398,397602,0.6123380500164417,-53.13195037841797,-4.138565139359019,-4.5176213691290865
399,398601,0.611364025016483,-61.95523452758789,-4.007185339014867,-4.495358977393389
400,399600,0.6103900000165243,-65.85812377929688,-4.007185339014867,-4.479407918232982
401,400599,0.6094159750165656,-58.180503845214844,-4.007185339014867,-4.4663937454304845
402,401598,0.608441950016607,-54.40690231323242,-4.007185339014867,-4.460367521189375
403,402597,0.6074679250166483,-53.387969970703125,-4.007185339014867,-4.446624213587794
404,403596,0.6064939000166896,-56.656494140625,-4.007185339014867,-4.449506158407432
405,404595,0.6055198750167309,-49.91674041748047,-4.007185339014867,-4.441116699160005
406,405594,0.6045458500167722,-62.403472900390625,-4.007185339014867,-4.4326239789841635
407,406593,0.6035718250168135,-57.52737045288086,-4.007185339014867,-4.415738146034263
408,407592,0.6025978000168548,-57.09107971191406,-4.007185339014867,-4.404740899659756
409,408591,0.6016237750168961,-54.14835739135742,-4.007185339014867,-4.389309495699682
410,409590,0.6006497500169374,-53.39594268798828,-4.007185339014867,-4.383465030031431
411,410589,0.5996757250169787,-52.52692413330078,-4.007185339014867,-4.3668377224782775
412,411588,0.59870170001702,-60.61528015136719,-4.007185339014867,-4.350851703316804
413,412587,0.5977276750170614,-63.77964401245117,-4.007185339014867,-4.333986207780772
414,413586,0.5967536500171027,-64.1446304321289,-4.007185339014867,-4.319695965782931
415,414585,0.595779625017144,-56.01671600341797,-4.007185339014867,-4.310425561945349
416,415584,0.5948056000171853,-59.79229736328125,-4.007185339014867,-4.296778912402721
417,416583,0.5938315750172266,-48.05921173095703,-4.007185339014867,-4.287080944464718
418,417582,0.5928575500172679,-64.81995391845703,-3.981185467948232,-4.278493753324946
419,418581,0.5918835250173092,-53.890052795410156,-3.981185467948232,-4.2770698279081945
420,419580,0.5909095000173505,-50.76051330566406,-3.981185467948232,-4.280733953069646
421,420579,0.5899354750173919,-62.0804328918457,-3.981185467948232,-4.267940682903693
422,421578,0.5889614500174332,-66.11518859863281,-3.9087962046124005,-4.247177494064194
423,422577,0.5879874250174745,-64.1740951538086,-3.9087962046124005,-4.230809695441593
424,423576,0.5870134000175158,-61.64157485961914,-3.9087962046124005,-4.230388365799582
425,424575,0.5860393750175571,-59.95763397216797,-3.9087962046124005,-4.217873134996862
426,425574,0.5850653500175984,-61.231048583984375,-3.9087962046124005,-4.208463973428778
427,426573,0.5840913250176397,-67.00592041015625,-3.9087962046124005,-4.194230994238073
428,427572,0.583117300017681,-61.7163200378418,-3.9087962046124005,-4.183731678162318
429,428571,0.5821432750177223,-65.21241760253906,-3.9087962046124005,-4.1853879812452455
430,429570,0.5811692500177637,-57.892940521240234,-3.9087962046124005,-4.190386148416017
431,430569,0.580195225017805,-61.966678619384766,-3.9087962046124005,-4.183858976185266
432,431568,0.5792212000178463,-62.09260559082031,-3.9087962046124005,-4.178230800550676
433,432567,0.5782471750178876,-63.02656555175781,-3.9087962046124005,-4.171553178501649
434,433566,0.5772731500179289,-67.12428283691406,-3.9087962046124005,-4.157919175824893
435,434565,0.5762991250179702,-66.6256332397461,-3.858081047219282,-4.140093183681431
436,435564,0.5753251000180115,-59.162208557128906,-3.858081047219282,-4.142080674998804
437,436563,0.5743510750180528,-64.24031829833984,-3.858081047219282,-4.136232935851641
438,437562,0.5733770500180941,-61.90869140625,-3.858081047219282,-4.133501936843262
439,438561,0.5724030250181354,-65.45234680175781,-3.858081047219282,-4.125507446387137
440,439560,0.5714290000181768,-68.38875579833984,-3.858081047219282,-4.110674098980039
441,440559,0.5704549750182181,-68.7765121459961,-3.858081047219282,-4.09607298073432
442,441558,0.5694809500182594,-64.23517608642578,-3.858081047219282,-4.0912542331055635
443,442557,0.5685069250183007,-59.22112274169922,-3.858081047219282,-4.088828045627413
444,443556,0.567532900018342,-67.16063690185547,-3.858081047219282,-4.085630948733903
445,444555,0.5665588750183833,-72.97476196289062,-3.70865742358904,-4.065366641226747
446,445554,0.5655848500184246,-60.032833099365234,-3.70865742358904,-4.066678169636313
447,446553,0.5646108250184659,-55.96753692626953,-3.70865742358904,-4.058815637735878
448,447552,0.5636368000185072,-70.07487487792969,-3.70865742358904,-4.054992444674377
449,448551,0.5626627750185486,-65.8723373413086,-3.70865742358904,-4.044916332004649
450,449550,0.5616887500185899,-59.18419647216797,-3.70865742358904,-4.037255587935744
451,450549,0.5607147250186312,-68.91526794433594,-3.70865742358904,-4.030052073979372
452,451548,0.5597407000186725,-67.13201141357422,-3.70865742358904,-4.031793622125842
453,452547,0.5587666750187138,-58.534820556640625,-3.70865742358904,-4.040808190543278
454,453546,0.5577926500187551,-62.87968444824219,-3.70865742358904,-4.038095630642283
455,454545,0.5568186250187964,-67.1541748046875,-3.70865742358904,-4.036413417359748
456,455544,0.5558446000188377,-74.95091247558594,-3.5074274178612903,-4.0186682211816045
457,456543,0.554870575018879,-63.89689254760742,-3.5074274178612903,-4.024715849707422
458,457542,0.5538965500189204,-61.52005386352539,-3.5074274178612903,-4.02261167944164
459,458541,0.5529225250189617,-65.25244140625,-3.5074274178612903,-4.01823518530512
460,459540,0.551948500019003,-69.53276824951172,-3.5074274178612903,-4.0092951230945255
461,460539,0.5509744750190443,-63.97340774536133,-3.5074274178612903,-4.0076948553191105
462,461538,0.5500004500190856,-72.32087707519531,-3.5074274178612903,-3.9951878973148593
463,462537,0.5490264250191269,-72.35105895996094,-3.5074274178612903,-3.9881861616978824
464,463536,0.5480524000191682,-74.20185852050781,-3.5074274178612903,-3.9813079747672404
465,464535,0.5470783750192095,-70.3301773071289,-3.5074274178612903,-3.984186703761455
466,465534,0.5461043500192508,-61.10855484008789,-3.5074274178612903,-3.986684838194479
467,466533,0.5451303250192922,-67.8701400756836,-3.5074274178612903,-3.9856139695608377
468,467532,0.5441563000193335,-71.21835327148438,-3.5074274178612903,-3.973915902182172
469,468531,0.5431822750193748,-74.79849243164062,-3.5074274178612903,-3.959622167029075
470,469530,0.5422082500194161,-70.06792449951172,-3.5074274178612903,-3.9586670500397356
471,470529,0.5412342250194574,-67.9627685546875,-3.5074274178612903,-3.9559755912259225
472,471528,0.5402602000194987,-62.44430160522461,-3.5074274178612903,-3.9603373212723976
473,472527,0.53928617501954,-60.06349563598633,-3.5074274178612903,-3.964267681676107
474,473526,0.5383121500195813,-73.2647476196289,-3.5074274178612903,-3.954649579171494
475,474525,0.5373381250196226,-74.36385345458984,-3.5074274178612903,-3.957420592944063
476,475524,0.536364100019664,-76.070068359375,-3.5074274178612903,-3.9402345335631717
477,476523,0.5353900750197053,-68.02645111083984,-3.5074274178612903,-3.925173135695917
478,477522,0.5344160500197466,-71.23637390136719,-3.5074274178612903,-3.9231301492643653
479,478521,0.5334420250197879,-73.24842071533203,-3.5074274178612903,-3.914588548984412
480,479520,0.5324680000198292,-66.9258804321289,-3.5074274178612903,-3.9105567606141336
481,480519,0.5314939750198705,-69.17430114746094,-3.5074274178612903,-3.9153441371336544
482,481518,0.5305199500199118,-74.73616790771484,-3.5074274178612903,-3.902527071306886
483,482517,0.5295459250199531,-66.3736572265625,-3.5074274178612903,-3.88395516416555
484,483516,0.5285719000199944,-74.94056701660156,-3.5074274178612903,-3.8696493880284484
485,484515,0.5275978750200357,-78.86731719970703,-3.4608044219276355,-3.8509908694639674
486,485514,0.5266238500200771,-70.37767791748047,-3.4608044219276355,-3.8648095770713513
487,486513,0.5256498250201184,-76.26718139648438,-3.4608044219276355,-3.846118601786854
488,487512,0.5246758000201597,-74.74195861816406,-3.4608044219276355,-3.833468043374633
489,488511,0.523701775020201,-68.82075500488281,-3.4608044219276355,-3.831886597698321
490,489510,0.5227277500202423,-75.67572021484375,-3.4608044219276355,-3.8210506230375776
491,490509,0.5217537250202836,-73.54368591308594,-3.4608044219276355,-3.8093888639690374
492,491508,0.5207797000203249,-77.21112823486328,-3.4608044219276355,-3.8032187649402633
493,492507,0.5198056750203662,-75.80582427978516,-3.4608044219276355,-3.791354434827505
494,493506,0.5188316500204075,-75.99803161621094,-3.4608044219276355,-3.786423730356065
495,494505,0.5178576250204489,-70.15280151367188,-3.4608044219276355,-3.780280530167255
496,495504,0.5168836000204902,-81.74246978759766,-3.388648477864106,-3.752284925484538
497,496503,0.5159095750205315,-69.50015258789062,-3.388648477864106,-3.747101082454063
498,497502,0.5149355500205728,-79.5201416015625,-3.3755707950737386,-3.733725930901818
499,498501,0.5139615250206141,-69.4752197265625,-3.3755707950737386,-3.7409059255608543
500,499500,0.5129875000206554,-73.0233383178711,-3.3755707950737386,-3.7318066188114605
501,500499,0.5120134750206967,-75.01143646240234,-3.3755707950737386,-3.7243480109581424
502,501498,0.511039450020738,-69.0316162109375,-3.3755707950737386,-3.70706386495721
503,502497,0.5100654250207793,-83.15865325927734,-3.3433500888002707,-3.68102576299974
504,503496,0.5090914000208207,-75.29959106445312,-3.3433500888002707,-3.6825813906038696
505,504495,0.508117375020862,-78.59596252441406,-3.3433500888002707,-3.674990627571747
506,505494,0.5071433500209033,-75.16674041748047,-3.3433500888002707,-3.6739019859180755
507,506493,0.5061693250209446,-71.43781280517578,-3.3433500888002707,-3.6793658633737945
508,507492,0.5051953000209859,-78.48384094238281,-3.3433500888002707,-3.6644745894554
509,508491,0.5042212750210272,-80.99577331542969,-3.3433500888002707,-3.659484389272137
510,509490,0.5032472500210685,-77.08383178710938,-3.3433500888002707,-3.6481192786316656
511,510489,0.5022732250211098,-80.72758483886719,-3.3433500888002707,-3.6289680127436146
512,511488,0.5012992000211511,-78.24772644042969,-3.3433500888002707,-3.62469532773016
513,512487,0.5003251750211924,-78.10343170166016,-3.3433500888002707,-3.619910108043736
514,513486,0.4993511500211968,-80.35651397705078,-3.3433500888002707,-3.6154386930664377
515,514485,0.49837712502118264,-84.23849487304688,-3.3433500888002707,-3.6121727291394543
516,515484,0.4974031000211685,-72.8250732421875,-3.3433500888002707,-3.6112753195251233
517,516483,0.49642907502115435,-78.29991149902344,-3.3433500888002707,-3.6104812426406623
518,517482,0.4954550500211402,-83.24923706054688,-3.275580227625305,-3.5971254133795565
519,518481,0.49448102502112606,-70.0830307006836,-3.275580227625305,-3.596563422929489
520,519480,0.4935070000211119,-78.73320770263672,-3.275580227625305,-3.598324067923893
521,520479,0.4925329750210978,-79.12648010253906,-3.275580227625305,-3.5960671628958423
522,521478,0.49155895002108363,-77.63819885253906,-3.275580227625305,-3.596186082672579
523,522477,0.4905849250210695,-79.80586242675781,-3.275580227625305,-3.595566438490129
524,523476,0.48961090002105534,-84.36506652832031,-3.275580227625305,-3.586128289537321
525,524475,0.4886368750210412,-75.2426528930664,-3.275580227625305,-3.5824025429760336
526,525474,0.48766285002102705,-83.94615173339844,-3.275580227625305,-3.5841049933645315
527,526473,0.4866888250210129,-83.19561767578125,-3.275580227625305,-3.572616863993595
528,527472,0.48571480002099876,-75.43002319335938,-3.275580227625305,-3.57801226764209
529,528471,0.4847407750209846,-78.99787139892578,-3.275580227625305,-3.565303950715001
530,529470,0.48376675002097047,-77.92231750488281,-3.275580227625305,-3.5631516368380307
531,530469,0.4827927250209563,-84.22107696533203,-3.275580227625305,-3.551941118652553
532,531468,0.4818187000209422,-73.97628784179688,-3.275580227625305,-3.5549005605902693
533,532467,0.48084467502092804,-76.88158416748047,-3.275580227625305,-3.5643492215627206
534,533466,0.4798706500209139,-83.25186920166016,-3.275580227625305,-3.555285213046888
535,534465,0.47889662502089975,-83.92154693603516,-3.2458253803663015,-3.544677227532351
536,535464,0.4779226000208856,-82.49962615966797,-3.2458253803663015,-3.5354580491405727
537,536463,0.47694857502087146,-81.34707641601562,-3.2458253803663015,-3.5191007430142567
538,537462,0.4759745500208573,-84.50749206542969,-3.2458253803663015,-3.5216259885886023
539,538461,0.47500052502084317,-83.94577026367188,-3.2458253803663015,-3.517210425436943
540,539460,0.474026500020829,-78.98369598388672,-3.2458253803663015,-3.5065379145196616
541,540459,0.4730524750208149,-86.34331512451172,-3.126628502020341,-3.4956857733589266
542,541458,0.47207845002080073,-85.59563446044922,-3.126628502020341,-3.491973000223243
543,542457,0.4711044250207866,-73.92465209960938,-3.126628502020341,-3.498470825848618
544,543456,0.47013040002077244,-83.62079620361328,-3.126628502020341,-3.4954223251059506
545,544455,0.4691563750207583,-83.69535064697266,-3.126628502020341,-3.4946774437296764
546,545454,0.46818235002074415,-81.44320678710938,-3.126628502020341,-3.4781882553114634
547,546453,0.46720832502073,-82.57344055175781,-3.126628502020341,-3.4699823929736784
548,547452,0.46623430002071586,-82.01597595214844,-3.126628502020341,-3.479913982880929
549,548451,0.4652602750207017,-79.82138061523438,-3.126628502020341,-3.4681465278579595
550,549450,0.4642862500206876,-80.94019317626953,-3.126628502020341,-3.459712316373258
551,550449,0.46331222502067343,-83.4482650756836,-3.126628502020341,-3.4549845506573136
552,551448,0.4623382000206593,-86.89862060546875,-3.126628502020341,-3.445537513418841
553,552447,0.46136417502064514,-77.96330261230469,-3.126628502020341,-3.44293917904923
554,553446,0.460390150020631,-84.39673614501953,-3.126628502020341,-3.445491322910009
555,554445,0.45941612502061685,-86.3087387084961,-3.126628502020341,-3.4304004349054384
556,555444,0.4584421000206027,-87.89556884765625,-3.126628502020341,-3.424089706770304
557,556443,0.45746807502058856,-80.17455291748047,-3.126628502020341,-3.4144514108345425
558,557442,0.4564940500205744,-81.73644256591797,-3.126628502020341,-3.405852085623125
559,558441,0.45552002502056027,-89.66642761230469,-3.126628502020341,-3.392601766618755
560,559440,0.4545460000205461,-85.64311218261719,-3.126628502020341,-3.383916712853048
561,560439,0.453571975020532,-85.35686492919922,-3.126628502020341,-3.3862454818576997
562,561438,0.45259795002051784,-87.3739013671875,-3.126628502020341,-3.3704330712348476
563,562437,0.4516239250205037,-85.73661804199219,-3.126628502020341,-3.3666746566038848
564,563436,0.45064990002048955,-82.52571105957031,-3.126628502020341,-3.3693095557444495
565,564435,0.4496758750204754,-81.73796081542969,-3.126628502020341,-3.379476596103483
566,565434,0.44870185002046126,-84.8832778930664,-3.126628502020341,-3.378620274386105
567,566433,0.4477278250204471,-88.7326431274414,-3.126628502020341,-3.37309116786744
568,567432,0.44675380002043297,-93.24822235107422,-3.0243511064052195,-3.3594288969864436
569,568431,0.4457797750204188,-85.65478515625,-3.0243511064052195,-3.3525616823052227
570,569430,0.4448057500204047,-82.80245971679688,-3.0243511064052195,-3.3576451193010115
571,570429,0.44383172502039053,-93.51969909667969,-3.0167522121237234,-3.3539825763044577
572,571428,0.4428577000203764,-87.10783386230469,-3.0167522121237234,-3.355483515617284
573,572427,0.44188367502036224,-79.74388885498047,-3.0167522121237234,-3.3407177087530515
574,573426,0.4409096500203481,-79.83331298828125,-3.0167522121237234,-3.3481502170723374
575,574425,0.43993562502033395,-87.7789535522461,-3.0167522121237234,-3.3460654109679178
576,575424,0.4389616000203198,-91.33316802978516,-3.0167522121237234,-3.3462038355155332
577,576423,0.43798757502030566,-84.22216796875,-3.0167522121237234,-3.3483224178183604
578,577422,0.4370135500202915,-89.25183868408203,-3.0167522121237234,-3.3400579164830173
579,578421,0.4360395250202774,-85.61546325683594,-3.0167522121237234,-3.3347903980402234
580,579420,0.43506550002026323,-88.89004516601562,-3.0167522121237234,-3.338510402036111
581,580419,0.4340914750202491,-80.86126708984375,-3.0167522121237234,-3.3415358137056055
582,581418,0.43311745002023494,-93.13178253173828,-3.0167522121237234,-3.3364295363512775
583,582417,0.4321434250202208,-85.55374908447266,-3.0167522121237234,-3.3358786992653644
584,583416,0.43116940002020665,-91.04212951660156,-3.0167522121237234,-3.330101942310019
585,584415,0.4301953750201925,-92.59422302246094,-3.0167522121237234,-3.3295384543434485
586,585414,0.42922135002017836,-87.31855773925781,-3.0167522121237234,-3.330203767595601
587,586413,0.4282473250201642,-88.85525512695312,-3.0167522121237234,-3.3323586066053035
588,587412,0.42727330002015007,-91.86329650878906,-3.0167522121237234,-3.336276445668306
589,588411,0.4262992750201359,-93.16478729248047,-3.0167522121237234,-3.3387339149489224
590,589410,0.4253252500201218,-89.5035400390625,-3.0167522121237234,-3.3355533993234356
591,590409,0.42435122502010764,-88.66746520996094,-3.0167522121237234,-3.333126712732118
592,591408,0.4233772000200935,-86.30565643310547,-3.0167522121237234,-3.333436340618023
593,592407,0.42240317502007935,-93.96223449707031,-3.0167522121237234,-3.3202835406983886
594,593406,0.4214291500200652,-85.73078155517578,-3.0167522121237234,-3.3220087806612946
595,594405,0.42045512502005106,-88.47476959228516,-3.0167522121237234,-3.308827757863194
596,595404,0.4194811000200369,-95.74681091308594,-3.0167522121237234,-3.303019147284112
597,596403,0.41850707502002277,-90.98085021972656,-3.0167522121237234,-3.295596717077748
598,597402,0.4175330500200086,-91.740234375,-3.0167522121237234,-3.300952300388444
599,598401,0.4165590250199945,-93.6156005859375,-3.0167522121237234,-3.2966258034468834
600,599400,0.41558500001998033,-94.51216125488281,-3.0167522121237234,-3.2828368447746126
601,600399,0.4146109750199662,-95.59056091308594,-3.0167522121237234,-3.2897523018915398
602,601398,0.41363695001995204,-93.91929626464844,-3.0167522121237234,-3.2791630363059885
603,602397,0.4126629250199379,-89.97004699707031,-3.0167522121237234,-3.277745363268499
604,603396,0.41168890001992375,-94.88768768310547,-2.9639880397876404,-3.2561198663635746
605,604395,0.4107148750199096,-90.06157684326172,-2.9639880397876404,-3.259606974064435
606,605394,0.40974085001989546,-93.48069763183594,-2.9639880397876404,-3.248342453541014
607,606393,0.4087668250198813,-87.62831115722656,-2.9639880397876404,-3.241675926017479
608,607392,0.4077928000198672,-92.18611907958984,-2.9639880397876404,-3.240747224167384
609,608391,0.40681877501985303,-97.99766540527344,-2.9639880397876404,-3.234548249610767
610,609390,0.4058447500198389,-93.50059509277344,-2.9639880397876404,-3.2197406776249604
611,610389,0.40487072501982474,-93.9543685913086,-2.9639880397876404,-3.2083458223907075
612,611388,0.4038967000198106,-95.12701416015625,-2.9639880397876404,-3.2060209046797987
613,612387,0.40292267501979645,-90.21575164794922,-2.9639880397876404,-3.1983840455945582
614,613386,0.4019486500197823,-91.60635375976562,-2.9639880397876404,-3.1941665514582924
615,614385,0.40097462501976816,-94.62045288085938,-2.9639880397876404,-3.1909990062966003
616,615384,0.400000600019754,-89.39518737792969,-2.9639880397876404,-3.1930495955914213
617,616383,0.39902657501973987,-96.18907165527344,-2.9639880397876404,-3.1895697542992485
618,617382,0.3980525500197257,-94.28857421875,-2.9639880397876404,-3.179462718544904
619,618381,0.3970785250197116,-93.85256958007812,-2.9639880397876404,-3.1786884966802638
620,619380,0.39610450001969744,-93.10985565185547,-2.9639880397876404,-3.1809711987188787
621,620379,0.3951304750196833,-97.84295654296875,-2.9639880397876404,-3.172155147955249
622,621378,0.39415645001966915,-95.63528442382812,-2.9639880397876404,-3.169267242558947
623,622377,0.393182425019655,-91.73370361328125,-2.9639880397876404,-3.1759164663448516
624,623376,0.39220840001964086,-94.36065673828125,-2.9639880397876404,-3.1581365658805756
625,624375,0.3912343750196267,-92.89765167236328,-2.9639880397876404,-3.1624255923397557
626,625374,0.39026035001961257,-94.14387512207031,-2.9639880397876404,-3.1637793192025154
627,626373,0.3892863250195984,-94.31217956542969,-2.9639880397876404,-3.1636848186518676
628,627372,0.3883123000195843,-91.81451416015625,-2.9639880397876404,-3.157932082064701
629,628371,0.38733827501957013,-94.84272003173828,-2.933542006032705,-3.1517367791817916
630,629370,0.386364250019556,-94.15462493896484,-2.933542006032705,-3.14684438782201
631,630369,0.38539022501954184,-96.4793701171875,-2.933542006032705,-3.1464018785801096
632,631368,0.3844162000195277,-95.27388000488281,-2.933542006032705,-3.1471192042684253
633,632367,0.38344217501951355,-94.22633361816406,-2.933542006032705,-3.1390050330199952
634,633366,0.3824681500194994,-94.88793182373047,-2.933542006032705,-3.1426176169269877
635,634365,0.38149412501948526,-91.7764663696289,-2.933542006032705,-3.1277767272922903
636,635364,0.3805201000194711,-88.5450210571289,-2.933542006032705,-3.130021645530576
637,636363,0.379546075019457,-94.5479507446289,-2.933542006032705,-3.1228652727099746
638,637362,0.37857205001944283,-93.15579223632812,-2.922439791633796,-3.1103555381217785
639,638361,0.3775980250194287,-95.07060241699219,-2.922439791633796,-3.1030219485915445
640,639360,0.37662400001941454,-92.1116943359375,-2.890281972378314,-3.0978408911792017
641,640359,0.3756499750194004,-90.5597152709961,-2.890281972378314,-3.0951047217090357
642,641358,0.37467595001938625,-88.51793670654297,-2.890281972378314,-3.0954918522068913
643,642357,0.3737019250193721,-91.93754577636719,-2.890281972378314,-3.0980225035187905
644,643356,0.37272790001935796,-95.28422546386719,-2.8683239241128944,-3.0908823082590335
645,644355,0.3717538750193438,-91.49462127685547,-2.8683239241128944,-3.086109165206809
646,645354,0.37077985001932967,-87.9506607055664,-2.8683239241128944,-3.0794412636089223
647,646353,0.3698058250193155,-96.4804916381836,-2.8482098613034457,-3.069541901568075
648,647352,0.3688318000193014,-84.6844711303711,-2.8482098613034457,-3.0707824392380507
649,648351,0.36785777501928724,-92.69852447509766,-2.8482098613034457,-3.0607635445337213
650,649350,0.3668837500192731,-89.53931427001953,-2.8482098613034457,-3.056658797258606
651,650349,0.36590972501925895,-93.8662338256836,-2.8482098613034457,-3.055325526353557
652,651348,0.3649357000192448,-88.76741790771484,-2.8482098613034457,-3.058914976722513
653,652347,0.36396167501923066,-90.853759765625,-2.8482098613034457,-3.0523668139777995
654,653346,0.3629876500192165,-90.79943084716797,-2.8482098613034457,-3.049759352060626
655,654345,0.36201362501920237,-92.0802230834961,-2.8482098613034457,-3.037469765041074
656,655344,0.3610396000191882,-89.92830657958984,-2.8482098613034457,-3.0278429557027864
657,656343,0.3600655750191741,-89.21501922607422,-2.8482098613034457,-3.0216380945781163
658,657342,0.35909155001915993,-95.03734588623047,-2.817055230974522,-3.015125385340231
659,658341,0.3581175250191458,-93.85928344726562,-2.817055230974522,-3.0173081719857464
660,659340,0.35714350001913164,-96.05307006835938,-2.7589823477935194,-3.0110972421215334
661,660339,0.3561694750191175,-97.05911254882812,-2.7589823477935194,-2.996044997898666
662,661338,0.35519545001910335,-94.69630432128906,-2.7589823477935194,-2.9871381658760043
663,662337,0.3542214250190892,-89.20033264160156,-2.7589823477935194,-2.9860659066066524
664,663336,0.35324740001907506,-90.60179901123047,-2.7589823477935194,-2.981559578827712
665,664335,0.3522733750190609,-91.4334716796875,-2.7589823477935194,-2.983769410891256
666,665334,0.3512993500190468,-90.61894226074219,-2.7589823477935194,-2.9767217240193538
667,666333,0.35032532501903263,-89.76117706298828,-2.7589823477935194,-2.9781216213050423
668,667332,0.3493513000190185,-95.56087493896484,-2.7589823477935194,-2.9774796217209967
669,668331,0.34837727501900434,-92.39485931396484,-2.7589823477935194,-2.9731389999714937
670,669330,0.3474032500189902,-93.23344421386719,-2.7589823477935194,-2.969355394894916
671,670329,0.34642922501897605,-93.50057983398438,-2.7589823477935194,-2.96035429436951
672,671328,0.3454552000189619,-94.26238250732422,-2.7589823477935194,-2.955857604942393
673,672327,0.34448117501894776,-90.99432373046875,-2.7589823477935194,-2.9453604452587183
674,673326,0.3435071500189336,-88.9011001586914,-2.7589823477935194,-2.951784611028985
675,674325,0.34253312501891947,-96.28861999511719,-2.7589823477935194,-2.9484774636364524
676,675324,0.3415591000189053,-93.2083511352539,-2.7589823477935194,-2.9412374615382597
677,676323,0.3405850750188912,-93.94483947753906,-2.7589823477935194,-2.938423103451395
678,677322,0.33961105001887704,-96.27655792236328,-2.7589823477935194,-2.9300426803808244
679,678321,0.3386370250188629,-94.42707061767578,-2.7589823477935194,-2.9277838454539027
680,679320,0.33766300001884875,-89.3011474609375,-2.7589823477935194,-2.923049091319855
681,680319,0.3366889750188346,-91.92401885986328,-2.7589823477935194,-2.919599181807
682,681318,0.33571495001882046,-93.50888061523438,-2.7400579076283362,-2.9016249801400393
683,682317,0.3347409250188063,-93.41620635986328,-2.7400579076283362,-2.897481565875885
684,683316,0.33376690001879217,-94.1536636352539,-2.7400579076283362,-2.896352288731204
685,684315,0.332792875018778,-94.82911682128906,-2.7400579076283362,-2.893502089824449
686,685314,0.3318188500187639,-91.3807144165039,-2.548657132220954,-2.883045294845469
687,686313,0.33084482501874973,-93.49445343017578,-2.548657132220954,-2.884261872564452
688,687312,0.3298708000187356,-91.96283721923828,-2.548657132220954,-2.885204523895145
689,688311,0.32889677501872144,-96.76406860351562,-2.5465479025137547,-2.870121933798997
690,689310,0.3279227500187073,-96.01727294921875,-2.5465479025137547,-2.8734598667243954
691,690309,0.32694872501869315,-95.49325561523438,-2.5465479025137547,-2.8804411827140726
692,691308,0.325974700018679,-97.91127014160156,-2.5465479025137547,-2.874826943223708
693,692307,0.32500067501866486,-92.85226440429688,-2.5465479025137547,-2.869309917673818
694,693306,0.3240266500186507,-93.95367431640625,-2.5465479025137547,-2.8617865392450126
695,694305,0.3230526250186366,-96.72413635253906,-2.5465479025137547,-2.8555435183637843
696,695304,0.32207860001862243,-93.61581420898438,-2.5465479025137547,-2.8522116406569755
697,696303,0.3211045750186083,-93.91363525390625,-2.5465479025137547,-2.8483714400792057
698,697302,0.32013055001859414,-97.7132339477539,-2.5465479025137547,-2.849338514920041
699,698301,0.31915652501858,-95.80816650390625,-2.5465479025137547,-2.8439845516965003
700,699300,0.31818250001856585,-97.3131103515625,-2.5465479025137547,-2.841469274911122
701,700299,0.3172084750185517,-98.56257629394531,-2.5465479025137547,-2.8388214872899176
702,701298,0.31623445001853756,-99.58345794677734,-2.5465479025137547,-2.83157810322827
703,702297,0.3152604250185234,-98.75213623046875,-2.5465479025137547,-2.824111895942068
704,703296,0.31428640001850927,-100.47215270996094,-2.5465479025137547,-2.816579303533646
705,704295,0.3133123750184951,-95.29934692382812,-2.5465479025137547,-2.81844868521441
706,705294,0.312338350018481,-101.08499908447266,-2.5465479025137547,-2.8158950002101184
707,706293,0.31136432501846684,-95.34173583984375,-2.5465479025137547,-2.81358231281479
708,707292,0.3103903000184527,-101.17472839355469,-2.5465479025137547,-2.8167601945544334
709,708291,0.30941627501843855,-105.67485046386719,-2.5465479025137547,-2.813024519276545
710,709290,0.3084422500184244,-99.8255615234375,-2.5465479025137547,-2.8070701635111104
711,710289,0.30746822501841026,-101.45801544189453,-2.5465479025137547,-2.808315465782195
712,711288,0.3064942000183961,-100.87648010253906,-2.5465479025137547,-2.807296388133588
713,712287,0.30552017501838197,-104.90497589111328,-2.5465479025137547,-2.7992280761191513
714,713286,0.3045461500183678,-94.85591125488281,-2.5465479025137547,-2.799014252682885
715,714285,0.3035721250183537,-100.7266845703125,-2.5465479025137547,-2.801586661667755
716,715284,0.30259810001833953,-99.94068145751953,-2.5465479025137547,-2.811169984583411
717,716283,0.3016240750183254,-99.82638549804688,-2.5465479025137547,-2.8053018708904376
718,717282,0.30065005001831124,-103.58785247802734,-2.5465479025137547,-2.8052524151468483
719,718281,0.2996760250182971,-104.66822814941406,-2.5465479025137547,-2.814749894106934
720,719280,0.29870200001828295,-103.42665100097656,-2.5465479025137547,-2.806985289068497
721,720279,0.2977279750182688,-98.6499252319336,-2.5465479025137547,-2.8015166779977494
722,721278,0.29675395001825466,-96.99462890625,-2.5465479025137547,-2.8075073198775056
723,722277,0.2957799250182405,-97.77257537841797,-2.5465479025137547,-2.8050848417343923
724,723276,0.2948059000182264,-106.7454833984375,-2.5465479025137547,-2.806799455492296
725,724275,0.29383187501821223,-102.84336853027344,-2.5465479025137547,-2.803528451233803
726,725274,0.2928578500181981,-93.42301940917969,-2.5465479025137547,-2.8000030946843553
727,726273,0.29188382501818394,-103.62458038330078,-2.5465479025137547,-2.7932160444760386
728,727272,0.2909098000181698,-103.48040008544922,-2.5465479025137547,-2.781897368884111
729,728271,0.28993577501815565,-99.77882385253906,-2.5465479025137547,-2.7926949678257316
730,729270,0.2889617500181415,-102.23217010498047,-2.5465479025137547,-2.792503243688374
731,730269,0.28798772501812736,-103.35295867919922,-2.5465479025137547,-2.789147557675563
732,731268,0.2870137000181132,-96.99915313720703,-2.5465479025137547,-2.7961317381953816
733,732267,0.28603967501809907,-100.11985778808594,-2.5465479025137547,-2.792456799735064
734,733266,0.2850656500180849,-98.09899139404297,-2.5465479025137547,-2.7856105414913377
735,734265,0.2840916250180708,-94.11495971679688,-2.5465479025137547,-2.786410661225262
736,735264,0.28311760001805664,-94.88380432128906,-2.5465479025137547,-2.780196662126622
737,736263,0.2821435750180425,-90.57696533203125,-2.5465479025137547,-2.790840411352223
738,737262,0.28116955001802835,-95.37957763671875,-2.5465479025137547,-2.7844317468775825
739,738261,0.2801955250180142,-95.96234130859375,-2.5465479025137547,-2.7813006124254027
740,739260,0.27922150001800006,-100.30596923828125,-2.5465479025137547,-2.770946724847244
741,740259,0.2782474750179859,-98.01580047607422,-2.5465479025137547,-2.7624506419967902
742,741258,0.27727345001797177,-97.1512451171875,-2.5465479025137547,-2.7606974418672396
743,742257,0.2762994250179576,-94.18406677246094,-2.5465479025137547,-2.761202064997346
744,743256,0.2753254000179435,-97.26062774658203,-2.5465479025137547,-2.7487801062043236
745,744255,0.27435137501792933,-93.08497619628906,-2.5465479025137547,-2.739294765959096
746,745254,0.2733773500179152,-93.55152893066406,-2.5465479025137547,-2.7312851843459476
747,746253,0.27240332501790104,-92.7725830078125,-2.5417895527283663,-2.723485148935734
748,747252,0.2714293000178869,-95.78038787841797,-2.4380127827099627,-2.7099572050731453
749,748251,0.27045527501787275,-93.44034576416016,-2.4380127827099627,-2.7009270904737748
750,749250,0.2694812500178586,-94.33190155029297,-2.4380127827099627,-2.701393715882829
751,750249,0.26850722501784446,-93.6826400756836,-2.4380127827099627,-2.6973727877781335
752,751248,0.2675332000178303,-94.52976989746094,-2.4380127827099627,-2.6867617617433384
753,752247,0.2665591750178162,-94.23764038085938,-2.4380127827099627,-2.6821158097811186
754,753246,0.26558515001780203,-95.0199203491211,-2.4380127827099627,-2.6776565529579384
755,754245,0.2646111250177879,-94.04816436767578,-2.4380127827099627,-2.675877808464244
756,755244,0.26363710001777374,-91.80973052978516,-2.4380127827099627,-2.671632145861612
757,756243,0.2626630750177596,-92.73373413085938,-2.4380127827099627,-2.6686691139242056
758,757242,0.26168905001774545,-94.02828979492188,-2.4380127827099627,-2.6677638307167175
759,758241,0.2607150250177313,-93.20767974853516,-2.4380127827099627,-2.6552610058453325
760,759240,0.25974100001771716,-94.10362243652344,-2.310842316901423,-2.6424369566620816
761,760239,0.258766975017703,-93.706787109375,-2.310842316901423,-2.634707262208957
762,761238,0.25779295001768887,-93.51618194580078,-2.310842316901423,-2.6261962424935748
763,762237,0.2568189250176747,-95.10459899902344,-2.310842316901423,-2.6203966831780874
764,763236,0.2558449000176606,-93.7083511352539,-2.310842316901423,-2.613673445355725
765,764235,0.25487087501764644,-92.26618957519531,-2.310842316901423,-2.6006345181460233
766,765234,0.2538968500176323,-93.484375,-2.310842316901423,-2.5961072955719646
767,766233,0.25292282501761815,-96.6002426147461,-2.310842316901423,-2.5766477277888766
768,767232,0.251948800017604,-95.4737319946289,-2.310842316901423,-2.5627713305835167
769,768231,0.25097477501758986,-92.12261962890625,-2.310842316901423,-2.559605464870119
770,769230,0.2500007500175757,-96.04727172851562,-2.310842316901423,-2.5597145736363767
771,770229,0.2490267250175893,-94.13066864013672,-2.310842316901423,-2.5570033855611753
772,771228,0.24805270001760288,-92.83326721191406,-2.310842316901423,-2.5533401702760297
773,772227,0.24707867501761646,-93.7852783203125,-2.310842316901423,-2.548901850957097
774,773226,0.24610465001763004,-90.69902038574219,-2.310842316901423,-2.5485564032945787
775,774225,0.24513062501764363,-91.66902160644531,-2.310842316901423,-2.544224409782695
776,775224,0.2441566000176572,-94.90420532226562,-2.310842316901423,-2.5434637353092806
777,776223,0.2431825750176708,-95.77539825439453,-2.310842316901423,-2.541619131496284
778,777222,0.24220855001768438,-94.57414245605469,-2.310842316901423,-2.546261347165409
779,778221,0.24123452501769796,-96.9217758178711,-2.310842316901423,-2.5465371632304343
780,779220,0.24026050001771154,-91.57874298095703,-2.310842316901423,-2.5441446228136044
781,780219,0.23928647501772513,-92.4191665649414,-2.310842316901423,-2.54226518714053
782,781218,0.2383124500177387,-93.66531372070312,-2.310842316901423,-2.5394850811390297
783,782217,0.2373384250177523,-93.86030578613281,-2.310842316901423,-2.541830950851309
784,783216,0.23636440001776587,-94.43733215332031,-2.310842316901423,-2.5407971508801284
785,784215,0.23539037501777946,-89.15106201171875,-2.310842316901423,-2.539389538059233
786,785214,0.23441635001779304,-97.01974487304688,-2.310842316901423,-2.5419147883102946
787,786213,0.23344232501780662,-95.89436340332031,-2.310842316901423,-2.53722583347727
788,787212,0.2324683000178202,-97.61833953857422,-2.310842316901423,-2.536106287906916
789,788211,0.2314942750178338,-99.78257751464844,-2.310842316901423,-2.538422818784858
790,789210,0.23052025001784737,-98.10135650634766,-2.310842316901423,-2.5455898842473013
791,790209,0.22954622501786096,-97.55677795410156,-2.310842316901423,-2.550409279139009
792,791208,0.22857220001787454,-101.71746063232422,-2.310842316901423,-2.548325640546513
793,792207,0.22759817501788812,-101.30206298828125,-2.310842316901423,-2.5544907159688943
794,793206,0.2266241500179017,-97.60841369628906,-2.310842316901423,-2.5543098079831905
795,794205,0.2256501250179153,-101.4937515258789,-2.310842316901423,-2.554856163700608
796,795204,0.22467610001792887,-101.77117919921875,-2.310842316901423,-2.554732960482646
797,796203,0.22370207501794245,-96.3074951171875,-2.310842316901423,-2.5703075633590244
798,797202,0.22272805001795604,-101.68334197998047,-2.310842316901423,-2.5800599908233894
799,798201,0.22175402501796962,-98.02766418457031,-2.310842316901423,-2.59249286527909
800,799200,0.2207800000179832,-102.36016082763672,-2.310842316901423,-2.6004481614458745
801,800199,0.21980597501799679,-93.28455352783203,-2.310842316901423,-2.6108930929155023
802,801198,0.21883195001801037,-101.45668029785156,-2.310842316901423,-2.613843613804768
803,802197,0.21785792501802395,-104.79721069335938,-2.310842316901423,-2.6177980186922016
804,803196,0.21688390001803753,-105.44664764404297,-2.310842316901423,-2.6234914178679727
805,804195,0.21590987501805112,-105.6668930053711,-2.310842316901423,-2.6328525718676343
806,805194,0.2149358500180647,-104.26876068115234,-2.310842316901423,-2.6357559588192463
807,806193,0.21396182501807828,-105.76515197753906,-2.310842316901423,-2.6428943882311673
808,807192,0.21298780001809187,-101.7572250366211,-2.310842316901423,-2.6501463521379462
809,808191,0.21201377501810545,-103.6751708984375,-2.310842316901423,-2.6587029742518387
810,809190,0.21103975001811903,-107.52347564697266,-2.310842316901423,-2.6655529921486516
811,810189,0.21006572501813262,-101.60992431640625,-2.310842316901423,-2.679242952274501
812,811188,0.2090917000181462,-106.00614929199219,-2.310842316901423,-2.6902169287161217
813,812187,0.20811767501815978,-107.15465545654297,-2.310842316901423,-2.699153942565641
814,813186,0.20714365001817336,-109.63642120361328,-2.310842316901423,-2.7062959626624137
815,814185,0.20616962501818695,-111.67709350585938,-2.310842316901423,-2.714673848202632
816,815184,0.20519560001820053,-107.89656066894531,-2.310842316901423,-2.7220232279897734
817,816183,0.2042215750182141,-105.71824645996094,-2.310842316901423,-2.738838594376079
818,817182,0.2032475500182277,-113.3232421875,-2.310842316901423,-2.7508664317309774
819,818181,0.20227352501824128,-109.1514663696289,-2.310842316901423,-2.7599394335569425
820,819180,0.20129950001825486,-100.35027313232422,-2.310842316901423,-2.7691137390513565
821,820179,0.20032547501826845,-109.04988098144531,-2.310842316901423,-2.781226961528144
822,821178,0.19935145001828203,-109.7869873046875,-2.310842316901423,-2.7948144705222266
823,822177,0.1983774250182956,-111.17440032958984,-2.310842316901423,-2.800272445098999
824,823176,0.1974034000183092,-111.43274688720703,-2.310842316901423,-2.815612499155939
825,824175,0.19642937501832278,-112.91828918457031,-2.310842316901423,-2.822842219716239
826,825174,0.19545535001833636,-112.21704864501953,-2.310842316901423,-2.8339869105704394
827,826173,0.19448132501834994,-110.23925018310547,-2.310842316901423,-2.8305749174467745
828,827172,0.19350730001836353,-113.90217590332031,-2.310842316901423,-2.839217412071055
829,828171,0.1925332750183771,-111.40632629394531,-2.310842316901423,-2.8390136351319275
830,829170,0.1915592500183907,-114.89325714111328,-2.310842316901423,-2.8348881064616283
831,830169,0.19058522501840428,-112.22560119628906,-2.310842316901423,-2.8334183919503153
832,831168,0.18961120001841786,-105.94358825683594,-2.310842316901423,-2.8322613011152034
833,832167,0.18863717501843144,-113.51243591308594,-2.310842316901423,-2.842114833504686
834,833166,0.18766315001844502,-113.94883728027344,-2.310842316901423,-2.8417540596602384
835,834165,0.1866891250184586,-108.41386413574219,-2.310842316901423,-2.8384252634138423
836,835164,0.1857151000184722,-110.65321350097656,-2.310842316901423,-2.8439946141928463
837,836163,0.18474107501848577,-106.38926696777344,-2.310842316901423,-2.846349469666324
838,837162,0.18376705001849936,-113.94850158691406,-2.310842316901423,-2.8427973117677214
839,838161,0.18279302501851294,-110.24727630615234,-2.310842316901423,-2.8412840801865533
840,839160,0.18181900001852652,-111.02099609375,-2.310842316901423,-2.8422101805331237
841,840159,0.1808449750185401,-106.6816635131836,-2.310842316901423,-2.836841906571282
842,841158,0.1798709500185537,-106.39078521728516,-2.310842316901423,-2.833496591080611
843,842157,0.17889692501856727,-108.64643859863281,-2.310842316901423,-2.827733690428368
844,843156,0.17792290001858085,-106.53173828125,-2.310842316901423,-2.824208560795517
845,844155,0.17694887501859444,-106.87608337402344,-2.310842316901423,-2.8133626511888283
846,845154,0.17597485001860802,-110.2262954711914,-2.310842316901423,-2.8063719534571083
847,846153,0.1750008250186216,-105.18647766113281,-2.310842316901423,-2.796133533734533
848,847152,0.17402680001863519,-106.97764587402344,-2.310842316901423,-2.783283108666576
849,848151,0.17305277501864877,-99.46562194824219,-2.310842316901423,-2.7687043102890336
850,849150,0.17207875001866235,-104.31137084960938,-2.310842316901423,-2.765719331235863
851,850149,0.17110472501867593,-104.30206298828125,-2.310842316901423,-2.7519650022288897
852,851148,0.17013070001868952,-105.58415222167969,-2.310842316901423,-2.7289149910332595
853,852147,0.1691566750187031,-104.94976806640625,-2.310842316901423,-2.721752046408329
854,853146,0.16818265001871668,-100.65122985839844,-2.310842316901423,-2.7071264146853595
855,854145,0.16720862501873027,-101.39105987548828,-2.310842316901423,-2.7007123881555444
856,855144,0.16623460001874385,-108.48522186279297,-2.310842316901423,-2.688236913159927
857,856143,0.16526057501875743,-107.03947448730469,-2.310842316901423,-2.6838143365473024
858,857142,0.16428655001877102,-98.42369842529297,-2.310842316901423,-2.6688268284229517
859,858141,0.1633125250187846,-99.52056884765625,-2.310842316901423,-2.667127734759641
860,859140,0.16233850001879818,-105.3016128540039,-2.310842316901423,-2.6605280988783004
861,860139,0.16136447501881176,-105.85372924804688,-2.310842316901423,-2.652914632667714
862,861138,0.16039045001882535,-100.84099578857422,-2.310842316901423,-2.6551842758119957
863,862137,0.15941642501883893,-107.34566497802734,-2.310842316901423,-2.6371619539333455
864,863136,0.15844240001885251,-105.88162994384766,-2.310842316901423,-2.6338601341763996
865,864135,0.1574683750188661,-105.92237854003906,-2.310842316901423,-2.631984346744632
866,865134,0.15649435001887968,-108.85305786132812,-2.310842316901423,-2.6178276009336803
867,866133,0.15552032501889326,-109.3940200805664,-2.310842316901423,-2.610643522819401
868,867132,0.15454630001890685,-101.90715789794922,-2.310842316901423,-2.606724590340975
869,868131,0.15357227501892043,-110.87969970703125,-2.310842316901423,-2.598207282421133
870,869130,0.152598250018934,-107.52471923828125,-2.310842316901423,-2.5834253331824066
871,870129,0.1516242250189476,-105.788330078125,-2.310842316901423,-2.5755466666601134
872,871128,0.15065020001896118,-111.09302520751953,-2.310842316901423,-2.574115680020826
873,872127,0.14967617501897476,-103.4383544921875,-2.310842316901423,-2.563346283331874
874,873126,0.14870215001898834,-105.36454010009766,-2.310842316901423,-2.5627031655140287
875,874125,0.14772812501900193,-105.79180908203125,-2.310842316901423,-2.563330724568959
876,875124,0.1467541000190155,-102.00627136230469,-2.310842316901423,-2.5533129838122126
877,876123,0.1457800750190291,-111.48719787597656,-2.310842316901423,-2.548326583894925
878,877122,0.14480605001904268,-105.6113510131836,-2.310842316901423,-2.548937867673059
879,878121,0.14383202501905626,-110.01660919189453,-2.310842316901423,-2.547335446125658
880,879120,0.14285800001906984,-106.7572250366211,-2.310842316901423,-2.534470549580838
881,880119,0.14188397501908342,-104.69601440429688,-2.310842316901423,-2.5292581863958103
882,881118,0.140909950019097,-105.31005096435547,-2.234982914767483,-2.525014602921598
883,882117,0.1399359250191106,-107.1246337890625,-2.234982914767483,-2.5196389567548243
884,883116,0.13896190001912417,-101.05292510986328,-2.234982914767483,-2.5210459272418038
885,884115,0.13798787501913776,-106.22219848632812,-2.234982914767483,-2.517457220011657
886,885114,0.13701385001915134,-107.3701400756836,-2.234982914767483,-2.5198546279880714
887,886113,0.13603982501916492,-103.58242797851562,-2.234982914767483,-2.520791993939904
888,887112,0.1350658000191785,-105.03402709960938,-2.234982914767483,-2.514747341490241
889,888111,0.1340917750191921,-102.4301528930664,-2.234982914767483,-2.5061908004175053
890,889110,0.13311775001920567,-104.85761260986328,-2.234982914767483,-2.5100251912488543
891,890109,0.13214372501921925,-106.87464141845703,-2.234982914767483,-2.5106826804148152
892,891108,0.13116970001923284,-106.94174194335938,-2.234982914767483,-2.501109075178726
893,892107,0.13019567501924642,-104.9129867553711,-2.234982914767483,-2.4954718741895756
894,893106,0.12922165001926,-105.2052001953125,-2.234982914767483,-2.490607958360665
895,894105,0.1282476250192736,-107.67329406738281,-2.234982914767483,-2.4844399417607383
896,895104,0.12727360001928717,-99.81757354736328,-2.234982914767483,-2.489379508688691
897,896103,0.12629957501930075,-105.67304992675781,-2.234982914767483,-2.484642764373357
898,897102,0.12532555001931434,-106.95203399658203,-2.234982914767483,-2.4772475689245224
899,898101,0.12435152501931868,-105.83356475830078,-2.234982914767483,-2.4757349363121413
900,899100,0.1233775000193184,-105.08805847167969,-2.234982914767483,-2.481279423328141
901,900099,0.12240347501931811,-103.25786590576172,-2.234982914767483,-2.4789740396585764
902,901098,0.12142945001931783,-104.32559204101562,-2.2089222795695593,-2.4654674392622336
903,902097,0.12045542501931755,-104.7663345336914,-2.2089222795695593,-2.46514510830919
904,903096,0.11948140001931727,-104.108642578125,-2.2089222795695593,-2.4554191740958857
905,904095,0.11850737501931699,-100.58551025390625,-2.2089222795695593,-2.4512198661925892
906,905094,0.11753335001931671,-104.42146301269531,-2.2089222795695593,-2.45235166158813
907,906093,0.11655932501931643,-107.61027526855469,-2.2089222795695593,-2.4450597022841025
908,907092,0.11558530001931615,-103.1276626586914,-2.2089222795695593,-2.4413344424120127
909,908091,0.11461127501931587,-104.49839782714844,-2.2089222795695593,-2.4333237684686773
910,909090,0.11363725001931559,-103.61981964111328,-2.2089222795695593,-2.4335697436927815
911,910089,0.1126632250193153,-97.26976776123047,-2.2089222795695593,-2.43088692366626
912,911088,0.11168920001931502,-103.85392761230469,-2.2089222795695593,-2.436801656545647
913,912087,0.11071517501931474,-103.14741516113281,-2.2089222795695593,-2.433091843320171
914,913086,0.10974115001931446,-103.16133117675781,-2.2089222795695593,-2.426384781985866
915,914085,0.10876712501931418,-109.32643127441406,-2.2089222795695593,-2.428012737690688
916,915084,0.1077931000193139,-100.5819091796875,-2.2089222795695593,-2.4196402588917794
917,916083,0.10681907501931362,-103.00390625,-2.2089222795695593,-2.408500189576089
918,917082,0.10584505001931334,-99.67819213867188,-2.2089222795695593,-2.4117371812703086
919,918081,0.10487102501931306,-107.79634857177734,-2.2089222795695593,-2.4042167142635806
920,919080,0.10389700001931278,-101.08170318603516,-2.2089222795695593,-2.3931667057165926
921,920079,0.1029229750193125,-100.74429321289062,-2.2089222795695593,-2.379853778217219
922,921078,0.10194895001931222,-105.4622573852539,-2.2089222795695593,-2.378374209238312
923,922077,0.10097492501931193,-96.9057846069336,-2.2089222795695593,-2.377634169481434
924,923076,0.10000090001931165,-103.64364624023438,-2.0886856417070327,-2.3654728004670593
925,924075,0.09902687501931137,-108.90509033203125,-2.0886856417070327,-2.364881837152834
926,925074,0.09805285001931109,-99.1675033569336,-2.0886856417070327,-2.3572503892892014
927,926073,0.09707882501931081,-103.43409729003906,-2.0886856417070327,-2.3537766414785297
928,927072,0.09610480001931053,-103.78668212890625,-2.0886856417070327,-2.3473275005997944
929,928071,0.09513077501931025,-102.95835876464844,-2.0886856417070327,-2.342018964680996
930,929070,0.09415675001930997,-101.98208618164062,-2.0886856417070327,-2.333140394227804
931,930069,0.09318272501930969,-103.8990478515625,-2.0886856417070327,-2.321655421651679
932,931068,0.0922087000193094,-100.93415832519531,-2.0886856417070327,-2.320371423494644
933,932067,0.09123467501930912,-100.71285247802734,-2.0886856417070327,-2.3164034592249534
934,933066,0.09026065001930884,-101.82530212402344,-2.0886856417070327,-2.3130492104391087
935,934065,0.08928662501930856,-98.09398651123047,-2.0886856417070327,-2.3015918847037815
936,935064,0.08831260001930828,-96.1117172241211,-2.0886856417070327,-2.294534960054506
937,936063,0.087338575019308,-104.49085235595703,-2.0886856417070327,-2.294356321229164
938,937062,0.08636455001930772,-97.920166015625,-2.0886856417070327,-2.289423314755655
939,938061,0.08539052501930744,-102.7037582397461,-2.0886856417070327,-2.2920215354384497
940,939060,0.08441650001930716,-99.14691162109375,-2.0886856417070327,-2.287067980948523
941,940059,0.08344247501930688,-100.10194396972656,-2.0886856417070327,-2.283410408500898
942,941058,0.0824684500193066,-99.92171478271484,-2.0886856417070327,-2.276809586015243
943,942057,0.08149442501930632,-98.27970123291016,-2.0886856417070327,-2.274972470567461
944,943056,0.08052040001930603,-98.97758483886719,-2.0886856417070327,-2.272089614714774
945,944055,0.07954637501930575,-96.0837631225586,-2.0639975939201305,-2.2571473898440475
946,945054,0.07857235001930547,-101.13803100585938,-2.0639975939201305,-2.2496573408346214
947,946053,0.07759832501930519,-96.89070892333984,-2.0639975939201305,-2.2489209503602345
948,947052,0.07662430001930491,-99.592041015625,-2.0639975939201305,-2.242614828189168
949,948051,0.07565027501930463,-98.85237884521484,-2.0639975939201305,-2.235518896816093
950,949050,0.07467625001930435,-96.0089111328125,-2.0639975939201305,-2.239777224784527
951,950049,0.07370222501930407,-95.15013122558594,-2.0639975939201305,-2.2350358983485705
952,951048,0.07272820001930379,-96.82162475585938,-2.0639975939201305,-2.2282392705629404
953,952047,0.0717541750193035,-97.8310546875,-2.0639975939201305,-2.223339523835283
954,953046,0.07078015001930323,-96.89987182617188,-2.0121182326047315,-2.2207872768652064
955,954045,0.06980612501930294,-101.24676513671875,-2.0121182326047315,-2.2117221279344648
956,955044,0.06883210001930266,-96.90457153320312,-2.0121182326047315,-2.203687574904257
957,956043,0.06785807501930238,-96.60559844970703,-1.9642824230861682,-2.192183226417401
958,957042,0.0668840500193021,-98.34435272216797,-1.9642824230861682,-2.19589054890042
959,958041,0.06591002501930182,-97.53372192382812,-1.9642824230861682,-2.1901584450424783
960,959040,0.06493600001930154,-96.20722961425781,-1.9642824230861682,-2.1925884831480653
961,960039,0.06396197501930126,-95.99808502197266,-1.9642824230861682,-2.1904447689747193
962,961038,0.06298795001930098,-96.9637222290039,-1.9642824230861682,-2.1906245743954345
963,962037,0.0620139250193007,-99.0379638671875,-1.9642824230861682,-2.180668985831304
964,963036,0.06103990001930042,-98.05480194091797,-1.9642824230861682,-2.1779225418454975
965,964035,0.060065875019300136,-95.12417602539062,-1.9642824230861682,-2.177145371926907
966,965034,0.059091850019299855,-96.38195037841797,-1.9642824230861682,-2.172724008629689
967,966033,0.058117825019299574,-98.67777252197266,-1.9642824230861682,-2.1686938239963935
968,967032,0.05714380001929929,-96.1185302734375,-1.9642824230861682,-2.160412115458555
969,968031,0.05616977501929901,-94.06346893310547,-1.9642824230861682,-2.153223955385429
970,969030,0.05519575001929873,-96.40852355957031,-1.9642824230861682,-2.1493362957595097
971,970029,0.05422172501929845,-97.01163482666016,-1.9642824230861682,-2.141978899876968
972,971028,0.05324770001929817,-97.30274963378906,-1.9642824230861682,-2.13733312950099
973,972027,0.05227367501929789,-97.77133178710938,-1.9642824230861682,-2.129169709609231
974,973026,0.05129965001929761,-96.72135925292969,-1.9642824230861682,-2.124526153554211
975,974025,0.050325625019297326,-95.49066925048828,-1.8952128733447118,-2.118899996201697
976,975024,0.049351600019297046,-94.23150634765625,-1.8952128733447118,-2.1209049193844143
977,976023,0.048377575019296765,-98.40571594238281,-1.8952128733447118,-2.110177363193722
978,977022,0.047403550019296484,-96.08839416503906,-1.8952128733447118,-2.1076488580252515
979,978021,0.0464295250192962,-95.63814544677734,-1.8952128733447118,-2.1122970912708574
980,979020,0.04545550001929592,-97.77055358886719,-1.8952128733447118,-2.0986177452079735
981,980019,0.04448147501929564,-96.82299041748047,-1.8952128733447118,-2.099013463446829
982,981018,0.04350745001929536,-95.9462661743164,-1.8952128733447118,-2.0922720807929314
983,982017,0.04253342501929508,-96.07353973388672,-1.8952128733447118,-2.0899531284291553
984,983016,0.0415594000192948,-95.25497436523438,-1.8952128733447118,-2.091394365591215
985,984015,0.04058537501929452,-96.04105377197266,-1.8952128733447118,-2.0880166131468876
986,985014,0.039611350019294236,-96.139404296875,-1.8952128733447118,-2.0860928339059677
987,986013,0.038637325019293955,-95.31205749511719,-1.8952128733447118,-2.090517784707449
988,987012,0.037663300019293675,-98.25739288330078,-1.8952128733447118,-2.0874549911564255
989,988011,0.036689275019293394,-95.57038879394531,-1.8952128733447118,-2.0800614210296984
990,989010,0.03571525001929311,-98.03035736083984,-1.8952128733447118,-2.065990583035618
991,990009,0.03474122501929283,-97.03471374511719,-1.8952128733447118,-2.064490795938151
992,991008,0.03376720001929255,-95.01687622070312,-1.8952128733447118,-2.056795250312521
993,992007,0.03279317501929227,-95.52713012695312,-1.8952128733447118,-2.056225377362815
994,993006,0.03181915001929199,-96.59742736816406,-1.8952128733447118,-2.053218899115793
995,994005,0.030845125019291708,-97.65797424316406,-1.8952128733447118,-2.050941459652422
996,995004,0.029871100019291427,-97.47355651855469,-1.8952128733447118,-2.0477799914026336
997,996003,0.028897075019291146,-96.80912017822266,-1.8952128733447118,-2.0405435603425586
998,997002,0.027923050019290865,-95.08468627929688,-1.8952128733447118,-2.040061590059204
999,998001,0.026949025019290584,-94.9671859741211,-1.8952128733447118,-2.035370087522936
1000,999000,0.025975000019290304,-97.39326477050781,-1.8952128733447118,-2.03782101251626
